<?xml version="1.0" encoding="utf-8" ?>
<application
			type="server-application"
			xmlns:xsi="http://www.w3.org/2001/XMLSchema-instance"
			xsi:noNamespaceSchemaLocation="http://www.m-files.com/schemas/appdef-server-v1.xsd">
  <guid>15187e7f-d10d-4864-9707-7988d6158e15</guid>
  <name>Event Tracing</name>
  <description>A Vault Application Framework application used to log (to the Windows Event log) vault events and lifecycle.</description>
  <publisher></publisher>
  <version>0.1.0.0</version>
  <copyright></copyright>
  <extension-objects>
    <extension-object>
      <name>EventTracing</name>
      <assembly>EventTracing.dll</assembly>
      <class>EventTracing.VaultApplication</class>
      <installation-method>Install</installation-method>
      <uninstallation-method>Uninstall</uninstallation-method>
      <initialization-method>Initialize</initialization-method>
      <uninitialization-method>Uninitialize</uninitialization-method>
      <start-operations-method>StartOperations</start-operations-method>
    </extension-object>
  </extension-objects>
</application>
